# Position, FD Concentration, SPH Concentration
0.000000000000000000e+00,1.928749847963917821e-22,1.928749847963917821e-22
4.008016032064127925e-03,4.262155624196308510e-22,4.198889810426905724e-22
8.016032064128255849e-03,9.358733763691992748e-22,9.087259435080648695e-22
1.202404809619238291e-02,2.041923739488825351e-21,1.954704729777121291e-21
1.603206412825651170e-02,4.426870590145428743e-21,4.179590025324944685e-21
2.004008016032064049e-02,9.536505553786436328e-21,8.886316416323104294e-21
2.404809619238476581e-02,2.041348187620947756e-20,1.879225424125610397e-20
2.805611222444889460e-02,4.341907268456979546e-20,3.954315250216081699e-20
3.206412825651302340e-02,9.176559603456161566e-20,8.274448035355267399e-20
3.607214428857714872e-02,1.927149391789307487e-19,1.721746041683547150e-19
4.008016032064128098e-02,4.021492660431196905e-19,3.562449848207302922e-19
4.408817635270540630e-02,8.338651917489621810e-19,7.329353189343796648e-19
4.809619238476953162e-02,1.718071922231685827e-18,1.499366216051502100e-18
5.210420841683366389e-02,3.517418399157092928e-18,3.049743109611420666e-18
5.611222444889778921e-02,7.155569179301257106e-18,6.167666435562068856e-18
6.012024048096192147e-02,1.446445489616855992e-17,1.240136575938526336e-17
6.412825651302604679e-02,2.905346689548969143e-17,2.479125040462047217e-17
6.813627254509017905e-02,5.798719942066075369e-17,4.927166025084992296e-17
7.214428857715429744e-02,1.150018590559785171e-16,9.735442444637556662e-17
7.615230460921842970e-02,2.266294902368877706e-16,1.912335618954788073e-16
8.016032064128256196e-02,4.437793585786900311e-16,3.734332220850858346e-16
8.416833667334668034e-02,8.634897223591202950e-16,7.249248678614445939e-16
8.817635270541081260e-02,1.669501952774352466e-15,1.398927918434159238e-15
9.218436873747494487e-02,3.207426120940111223e-15,2.683560203697039358e-15
9.619238476953906325e-02,6.123033759734918809e-15,5.117203278774964299e-15
1.002004008016031955e-01,1.161494614612156677e-14,9.699542499478931514e-15
1.042084168336673278e-01,2.189316731723490331e-14,1.827508012651059637e-14
1.082164328657314600e-01,4.100540806038826177e-14,3.422545722802513593e-14
1.122244488977955784e-01,7.631591679812157702e-14,6.371092172833175203e-14
1.162324649298597107e-01,1.411337435910804146e-13,1.178816385989332835e-13
1.202404809619238429e-01,2.593514312936149646e-13,2.167900376745382390e-13
1.242484969939879613e-01,4.735750302955138950e-13,3.962660227549339375e-13
1.282565130260520936e-01,8.592738801964964830e-13,7.199169916431461476e-13
1.322645290581162258e-01,1.549235375497510694e-12,1.299930191241161814e-12
1.362725450901803581e-01,2.775533630187890667e-12,2.332887662136812006e-12
1.402805611222444904e-01,4.941049370506285056e-12,4.161004654928094904e-12
1.442885771543085949e-01,8.740490853945175868e-12,7.376116379614376363e-12
1.482965931863727271e-01,1.536373132160784254e-11,1.299503082514237067e-11
1.523046092184368594e-01,2.683503466090265009e-11,2.275316814704999991e-11
1.563126252505009917e-01,4.657496317262529402e-11,3.959284021725728864e-11
1.603206412825651239e-01,8.032451498533145339e-11,6.846948445628956000e-11
1.643286573146292562e-01,1.376541368966463557e-10,1.176734981855107966e-10
1.683366733466933607e-01,2.344101011382806570e-10,2.009820366546603596e-10
1.723446893787574929e-01,3.966519674240829628e-10,3.411369280043275583e-10
1.763527054108216252e-01,6.669441677512539184e-10,5.754256920376298596e-10
1.803607214428857575e-01,1.114336263506762504e-09,9.645729100557290673e-10
1.843687374749498897e-01,1.850079164750477233e-09,1.606802888446516061e-09
1.883767535070140220e-01,3.052192860509203188e-09,2.659919333431375309e-09
1.923847695390781265e-01,5.003588598557156359e-09,4.375718602808753220e-09
1.963927855711422588e-01,8.150786770877387187e-09,7.153230896153228404e-09
2.004008016032063910e-01,1.319368591674781802e-08,1.162047990762642817e-08
2.044088176352705233e-01,2.122177868685775804e-08,1.875910028677650541e-08
2.084168336673346555e-01,3.391929470815794686e-08,3.009285253714861960e-08
2.124248496993987878e-01,5.387181431877146734e-08,4.797064269365664650e-08
2.164328657314629201e-01,8.502105995963797683e-08,7.598818755609407908e-08
2.204408817635270246e-01,1.333343112992380902e-07,1.196114248353610460e-07
2.244488977955911568e-01,2.077821310573107516e-07,1.870910644261915474e-07
2.284569138276552891e-01,3.217553028848952623e-07,2.907937841928170850e-07
2.324649298597194214e-01,4.951021954479109708e-07,4.491246364494369223e-07
2.364729458917835536e-01,7.570350621945802388e-07,6.892811853844581426e-07
2.404809619238476859e-01,1.150242803000412040e-06,1.051167576175267743e-06
2.444889779559117904e-01,1.736664114293607331e-06,1.592911963528672347e-06
2.484969939879759226e-01,2.605525344459827410e-06,2.398580345158069010e-06
2.525050100200400549e-01,3.884439244402195044e-06,3.588871686455843965e-06
2.565130260521041872e-01,5.754602369644337483e-06,5.335821956812510676e-06
2.605210420841683194e-01,8.471428753528939377e-06,7.882847526241485673e-06
2.645290581162324517e-01,1.239232409877884498e-05,1.157183050508180805e-05
2.685370741482965840e-01,1.801374567767591916e-05,1.687939848748033018e-05
2.725450901803607162e-01,2.602021393820787276e-05,2.446508533771920153e-05
2.765531062124248485e-01,3.734854460323950117e-05,3.523468133507908292e-05
2.805611222444889807e-01,5.327125171399093098e-05,5.042278812733012779e-05
2.845691382765530575e-01,7.550382211254752474e-05,7.169937697118552858e-05
2.885771543086171897e-01,1.063413599168694374e-04,1.013059879202877377e-04
2.925851703406813220e-01,1.488309126783728695e-04,1.422280701173972883e-04
2.965931863727454543e-01,2.069865708516601993e-04,1.984108001890304805e-04
3.006012024048095865e-01,2.860551127551888779e-04,2.750264589527719379e-04
3.046092184368737188e-01,3.928404621799571066e-04,3.788020068685612443e-04
3.086172344689378511e-01,5.360954278969875869e-04,5.184157637105905794e-04
3.126252505010019833e-01,7.269889753423697211e-04,7.049719328336259737e-04
3.166332665330661156e-01,9.796564938861483142e-04,9.525609594973528547e-04
3.206412825651302478e-01,1.311839007542416969e-03,1.278912204426621351e-03
3.246492985971943801e-01,1.745614865750373234e-03,1.706142968673281897e-03
3.286573146292585124e-01,2.308223981829376353e-03,2.261604348298923081e-03
3.326653306613226446e-01,3.032980017333286073e-03,2.978819571314500654e-03
3.366733466933867214e-01,3.960259935974297027e-03,3.898504257606772404e-03
3.406813627254508536e-01,5.138553025083491405e-03,5.069650390034706119e-03
3.446893787575149859e-01,6.625542841741165374e-03,6.550646723297933079e-03
3.486973947895791182e-01,8.489185726395429704e-03,8.410398031241208758e-03
3.527054108216432504e-01,1.080873880839309555e-02,1.072939428482338510e-02
3.567134268537073827e-01,1.367567922060368944e-02,1.360066900109485610e-02
3.607214428857715149e-01,1.719444511640055503e-02,1.713057421691049562e-02
3.647294589178356472e-01,2.148291877186738266e-02,2.143928859967764514e-02
3.687374749498997795e-01,2.667256343545868977e-02,2.666096604956703225e-02
3.727454909819639117e-01,3.290811965110909676e-02,3.294342584019336467e-02
3.767535070140280440e-01,4.034676459701418139e-02,4.044728303417985393e-02
3.807615230460921762e-01,4.915664062949612334e-02,4.934442075337326650e-02
3.847695390781562530e-01,5.951466770864856370e-02,5.981571496137035732e-02
3.887775551102203853e-01,7.160356955587954264e-02,7.204793863015120092e-02
3.927855711422845175e-01,8.560806583347099763e-02,8.622979612390296866e-02
3.967935871743486498e-01,1.017102125534276313e-01,1.025470705483404882e-01
4.008016032064127820e-01,1.200839100608277060e-01,1.211769063806157759e-01
4.048096192384769143e-01,1.408886414926917297e-01,1.422812960166725538e-01
4.088176352705410466e-01,1.642625531860211485e-01,1.659998904052145952e-01
4.128256513026051788e-01,1.903150400859235369e-01,1.924423084775607751e-01
4.168336673346693111e-01,2.191190511973326871e-01,2.216801748111700554e-01
4.208416833667334433e-01,2.507033794523724213e-01,2.537391665457668921e-01
4.248496993987975756e-01,2.850452436026668090e-01,2.885913953131126197e-01
4.288577154308617079e-01,3.220635033110968437e-01,3.261484840137851005e-01
4.328657314629258401e-01,3.616128690147762947e-01,3.662557179706761312e-01
4.368737474949899169e-01,4.034794722183758231e-01,4.086876520220932285e-01
4.408817635270540491e-01,4.473781471468397108e-01,4.531455369234919095e-01
4.448897795591181814e-01,4.929517395363090526e-01,4.992568884542523122e-01
4.488977955911823137e-01,5.397727023087004472e-01,5.465774605811039022e-01
4.529058116232464459e-01,5.873471618106576031e-01,5.945958010542107264e-01
4.569138276553105782e-01,6.351215444610489591e-01,6.427404665649819604e-01
4.609218436873747105e-01,6.824917457031099977e-01,6.903898592253314703e-01
4.649298597194388427e-01,7.288147060418534995e-01,7.368845221259453515e-01
4.689378757515029750e-01,7.734221386638624463e-01,7.815416056559728597e-01
4.729458917835671072e-01,8.156360364079264791e-01,8.236710953702952587e-01
4.769539078156312395e-01,8.547854797113643155e-01,8.625932839520319417e-01
4.809619238476953718e-01,8.902241784627470400e-01,8.976568814242054106e-01
4.849699398797595040e-01,9.213481156513069203e-01,9.282570955789182232e-01
4.889779559118235808e-01,9.476126243835611973e-01,9.538529836516421723e-01
4.929859719438877130e-01,9.685482257503117420e-01,9.739833798543741095e-01
4.969939879759518453e-01,9.837745848062939835e-01,9.882807427072485273e-01
5.010020040080159776e-01,9.930120051324224928e-01,9.964823401477309606e-01
5.050100200400801098e-01,9.960899765308453002e-01,9.984382958812655362e-01
5.090180360721442421e-01,9.929524107944583955e-01,9.941161520226589055e-01
5.130260521042083743e-01,9.836593408937625016e-01,9.836017536724602772e-01
5.170340681362725066e-01,9.683850116956622678e-01,9.670964223055109610e-01
5.210420841683366389e-01,9.474124470005822474e-01,9.449105476374404233e-01
5.250501002004007711e-01,9.211247295278502945e-01,9.174538828101672649e-01
5.290581162324649034e-01,8.899933691014818571e-01,8.852229666748027137e-01
5.330661322645290356e-01,8.545642521970666650e-01,8.487862121535363347e-01
5.370741482965931679e-01,8.154417571073340198e-01,8.087672852555993774e-01
5.410821643286573002e-01,7.732716789478980557e-01,7.658274514130950505e-01
5.450901803607214324e-01,7.287236352552253216e-01,7.206475826845164523e-01
5.490981963927855647e-01,6.824736158356591309e-01,6.739105015662051335e-01
5.531062124248496970e-01,6.351873016600766420e-01,6.262842872706039232e-01
5.571142284569138292e-01,5.875047106465848268e-01,5.784070928120599309e-01
5.611222444889779615e-01,5.400266383124516789e-01,5.308739219500304696e-01
5.651302605210419827e-01,4.933032547558985348e-01,4.842257007907150301e-01
5.691382765531061150e-01,4.478251030920877840e-01,4.389408568925295961e-01
5.731462925851702472e-01,4.040166252646235634e-01,3.954294962350252685e-01
5.771543086172343795e-01,3.622322256764709536e-01,3.540301520293137050e-01
5.811623246492985118e-01,3.227547771670470356e-01,3.150089747729378220e-01
5.851703406813626440e-01,2.857963822667519693e-01,2.785611446619332132e-01
5.891783567134267763e-01,2.515011288636533338e-01,2.448142185469313059e-01
5.931863727454909085e-01,2.199495255105687053e-01,2.138330756780115194e-01
5.971943887775550408e-01,1.911642682955666528e-01,1.856260997343419927e-01
6.012024048096191731e-01,1.651169779278645611e-01,1.601522280227261064e-01
6.052104208416833053e-01,1.417355507888418409e-01,1.373285101471050096e-01
6.092184368737474376e-01,1.209117886362104100e-01,1.170378450055088032e-01
6.132264529058115698e-01,1.025090053042578553e-01,9.913660326765649788e-02
6.172344689378757021e-01,8.636935166914666562e-02,8.346188891314909597e-02
6.212424849699398344e-01,7.232064883936852040e-02,6.983824439627835112e-02
6.252505010020039666e-01,6.018257064981053645e-02,5.808365623946270401e-02
6.292585170340680989e-01,4.977206709901861592e-02,4.801476846461384673e-02
6.332665330661322312e-01,4.090796787564959097e-02,3.945125791657679709e-02
6.372745490981963634e-01,3.341474764137439268e-02,3.221936648517530200e-02
6.412825651302604957e-01,2.712547093928649802e-02,2.615461937422439154e-02
6.452905811623246279e-01,2.188396372487222408e-02,2.110378535616267565e-02
6.492985971943887602e-01,1.754628034409362949e-02,1.692615435810192540e-02
6.533066132264528925e-01,1.398154953219096254e-02,1.349422013683314325e-02
6.573146292585170247e-01,1.107229125347564125e-02,1.069386192209091646e-02
6.613226452905811570e-01,8.714298775620472892e-03,8.424119658492471366e-03
6.653306613226452892e-01,6.816178254795196220e-03,6.596653892313649251e-03
6.693386773547093105e-01,5.298632347585917682e-03,5.134974494630196659e-03
6.733466933867734427e-01,4.093565996888677908e-03,3.973513311374179610e-03
6.773547094188375750e-01,3.143082524534991130e-03,3.056605413367475231e-03
6.813627254509017073e-01,2.398427350918793440e-03,2.337432685313150810e-03
6.853707414829658395e-01,1.818925757839104937e-03,1.776972692648927507e-03
6.893787575150299718e-01,1.370950669285646989e-03,1.342985595012868068e-03
6.933867735470941041e-01,1.026946848986952073e-03,1.009062682030894024e-03
6.973947895791582363e-01,7.645294658449465052e-04,7.537521038644356096e-04
7.014028056112223686e-01,5.656677985030063955e-04,5.597706531087386561e-04
7.054108216432865008e-01,4.159589759935661485e-04,4.133050310808139083e-04
7.094188376753506331e-01,3.039920412113809325e-04,3.034018350767232839e-04
7.134268537074147654e-01,2.207991792829446485e-04,2.214424200269989387e-04
7.174348697394788976e-01,1.593885383044379978e-04,1.606966748808797449e-04
7.214428857715430299e-01,1.143515304977106101e-04,1.159484542968036215e-04
7.254509018036071621e-01,8.153667735229839597e-05,8.318476228976957778e-05
7.294589178356712944e-01,5.778179794163945448e-05,5.934064735704569954e-05
7.334669338677354267e-01,4.069649337752549831e-05,4.209200396435505833e-05
7.374749498997995589e-01,2.848732788257516598e-05,2.968896712191205237e-05
7.414829659318636912e-01,1.981874357739564960e-05,2.082323885004761687e-05
7.454909819639278235e-01,1.370348730980693841e-05,1.452342090342786075e-05
7.494989979959919557e-01,9.417108371356845654e-06,1.007318865503209704e-05
7.535070140280560880e-01,6.431857690539208292e-06,6.947884113504742141e-06
7.575150300601202202e-01,4.366048861435918201e-06,4.765802905453236341e-06
7.615230460921843525e-01,2.945608215124687969e-06,3.251083068278828507e-06
7.655310621242484848e-01,1.975133810347199211e-06,2.205663723427024591e-06
7.695390781563125060e-01,1.316297765548858550e-06,1.488266661380531758e-06
7.735470941883766383e-01,8.718640676413320110e-07,9.987656603346534222e-07
7.775551102204407705e-01,5.739596590887036390e-07,6.666520622522821652e-07
7.815631262525049028e-01,3.755371083866467484e-07,4.425875677159138980e-07
7.855711422845690350e-01,2.442104232354042073e-07,2.922640078859403747e-07
7.895791583166331673e-01,1.578397336442136875e-07,1.919727492364114854e-07
7.935871743486972996e-01,1.013935310186679384e-07,1.254307838372480362e-07
7.975951903807614318e-01,6.473615284697773156e-08,8.152322751337265132e-08
8.016032064128255641e-01,4.107969655140188218e-08,5.270888600281521566e-08
8.056112224448896963e-01,2.590909507376825929e-08,3.390192117399431782e-08
8.096192384769538286e-01,1.624137974841411685e-08,2.169280560965547282e-08
8.136272545090179609e-01,1.011906165427975981e-08,1.380928548077004406e-08
8.176352705410820931e-01,6.266213665431222183e-09,8.745891103604007128e-09
8.216432865731462254e-01,3.856726035883601771e-09,5.510966599570520172e-09
8.256513026052103577e-01,2.359293736790304449e-09,3.455063239103122615e-09
8.296593186372744899e-01,1.434484572108267159e-09,2.155274305099339211e-09
8.336673346693386222e-01,8.668848295663616459e-10,1.337769877993577374e-09
8.376753507014027544e-01,5.206904299563923208e-10,8.262409683960556520e-10
8.416833667334668867e-01,3.108504372814704645e-10,5.078000980721720112e-10
8.456913827655310190e-01,1.844497588733584318e-10,3.105660775968083018e-10
8.496993987975951512e-01,1.087828559013488816e-10,1.890188056888294452e-10
8.537074148296592835e-01,6.376753280547413974e-11,1.144881370031296774e-10
8.577154308617234157e-01,3.715323284266158888e-11,6.901369524330820734e-11
8.617234468937875480e-01,2.151555187374311422e-11,4.140419650614612928e-11
8.657314629258516803e-01,1.238421008701736540e-11,2.472309337235634950e-11
8.697394789579158125e-01,7.085086067636583803e-12,1.469351895963742031e-11
8.737474949899798338e-01,4.028877039603692762e-12,8.692179408242860340e-12
8.777555110220439660e-01,2.277120581015230579e-12,5.118312418508519212e-12
8.817635270541080983e-01,1.279240650730037258e-12,3.000099275216241183e-12
8.857715430861722306e-01,7.143051186847733171e-13,1.750534789100360579e-12
8.897795591182363628e-01,3.964438140106355187e-13,1.016828678217489096e-12
8.937875751503004951e-01,2.186990981360073602e-13,5.880069354878345761e-13
8.977955911823646273e-01,1.199170392546620385e-13,3.385248028760991135e-13
9.018036072144287596e-01,6.535584917601917252e-14,1.940384226664753765e-13
9.058116232464928919e-01,3.540452661112378291e-14,1.107363059387420849e-13
9.098196392785570241e-01,1.906360357872183799e-14,6.292355884715935592e-14
9.138276553106211564e-01,1.020291333807745541e-14,3.560191821601306505e-14
9.178356713426852886e-01,5.427720950020016948e-15,2.005794061500827453e-14
9.218436873747494209e-01,2.870027555089759220e-15,1.125299353140520741e-14
9.258517034068135532e-01,1.508450259401849808e-15,6.286871054797994954e-15
9.298597194388776854e-01,7.880493796568065260e-16,3.497854689264512018e-15
9.338677354709418177e-01,4.092178044041994619e-16,1.938142327890478604e-15
9.378757515030059499e-01,2.112201805464708450e-16,1.069552759670782007e-15
9.418837675350700822e-01,1.083670496742470751e-16,5.878510981080867005e-16
9.458917835671342145e-01,5.526385788586962836e-17,3.218080727018177356e-16
9.498997995991983467e-01,2.801356755604144583e-17,1.754716198819886014e-16
9.539078156312624790e-01,1.411497394445991477e-17,9.530441452293266665e-17
9.579158316633266113e-01,7.069315325987051808e-18,5.156216169645456495e-17
9.619238476953907435e-01,3.519341550446706548e-18,2.778925565413529796e-17
9.659318637274548758e-01,1.741539998210594663e-18,1.491990594741432599e-17
9.699398797595190080e-01,8.566327051329360186e-19,7.980208545505091379e-18
9.739478957915831403e-01,4.188381217480029723e-19,4.252427536730041151e-18
9.779559118236471615e-01,2.035585310040270089e-19,2.257613507669450729e-18
9.819639278557112938e-01,9.833885980923799307e-20,1.194174098188869713e-18
9.859719438877754261e-01,4.722315432569730417e-20,6.293704968177830193e-19
9.899799599198395583e-01,2.254135373769182589e-20,3.305072633772769515e-19
9.939879759519036906e-01,1.069550736393191034e-20,1.729444578083467990e-19
9.979959919839678228e-01,5.044526480605901694e-21,9.017752766979052014e-20
1.002004008016031955e+00,2.365038787366636463e-21,4.685661949426633887e-20
1.006012024048096087e+00,1.102189346009458172e-21,2.426271224807414324e-20
1.010020040080160220e+00,5.105937179522941895e-22,1.252040023190435071e-20
1.014028056112224352e+00,2.351241756632873974e-22,6.439055025454708019e-21
1.018036072144288484e+00,1.076274157943770882e-22,3.300392529551291174e-21
1.022044088176352616e+00,4.897264943148751787e-23,1.686020862597870926e-21
1.026052104208416749e+00,2.215086067894637950e-23,8.584765098138334507e-22
1.030060120240480881e+00,9.959446232736303149e-24,4.356885235155174882e-22
1.034068136272545013e+00,4.451318035478680250e-24,2.204042875534690448e-22
1.038076152304609145e+00,1.977662493857004749e-24,1.111409294239303227e-22
1.042084168336673278e+00,8.734280315140524890e-25,5.586654313950350164e-23
1.046092184368737410e+00,3.834553063164943637e-25,2.799412857570721794e-23
1.050100200400801542e+00,1.673463874711860530e-25,1.398404909727139758e-23
1.054108216432865675e+00,7.259942577706904522e-26,6.964069225790255284e-24
1.058116232464929807e+00,3.130881134184255667e-26,3.457566590035469065e-24
1.062124248496993939e+00,1.342201821352155151e-26,1.711466504702660428e-24
1.066132264529058071e+00,5.719897191433228185e-27,8.446358995377823222e-25
1.070140280561122204e+00,2.423143234186834196e-27,4.156106942462179361e-25
1.074148296593186336e+00,1.020449996176912044e-27,2.039071996426054645e-25
1.078156312625250468e+00,4.271962850606418451e-28,9.975152798336251520e-26
1.082164328657314600e+00,1.777819340603532908e-28,4.865864868503178398e-26
1.086172344689378733e+00,7.354845149576909173e-29,2.366825388152586832e-26
1.090180360721442865e+00,3.024729348701425561e-29,1.148021809770433101e-26
1.094188376753506997e+00,1.236596245520314817e-29,5.552949401316626107e-27
1.098196392785571129e+00,5.025729205391580909e-30,2.678543618513448331e-27
1.102204408817635262e+00,2.030492305365866301e-30,1.288507019110290287e-27
1.106212424849699394e+00,8.155227192868567470e-31,6.181578676409351050e-28
1.110220440881763526e+00,3.256151381309982184e-31,2.957657676898434037e-28
1.114228456913827658e+00,1.292433705851302687e-31,1.411378545083586129e-28
1.118236472945891791e+00,5.099745361995231332e-32,6.717339213405430406e-29
1.122244488977955923e+00,2.000444940256470018e-32,3.188747553128268752e-29
1.126252505010020055e+00,7.800886860399323503e-33,1.509812001113963686e-29
1.130260521042083965e+00,3.024140728051673751e-33,7.130436762417796021e-30
1.134268537074148098e+00,1.165472514114328696e-33,3.359003278117781987e-30
1.138276553106212230e+00,4.465246911531776489e-34,1.578396585357812815e-30
1.142284569138276362e+00,1.700723503817995769e-34,7.398496734968661715e-31
1.146292585170340494e+00,6.439737017037812410e-35,3.459414434417406259e-31
1.150300601202404627e+00,2.424097759282455205e-35,1.613628008099433215e-31
1.154308617234468759e+00,9.071541821434672464e-36,7.508545474311832872e-32
1.158316633266532891e+00,3.374912105060239193e-36,3.485535222424607536e-32
1.162324649298597024e+00,1.248232875019387719e-36,1.614187505435212485e-32
1.166332665330661156e+00,4.589675360626068224e-37,7.457938190270897719e-33
1.170340681362725288e+00,1.677733344015856144e-37,3.437741292921005038e-33
1.174348697394789420e+00,6.097052572692803862e-38,1.580980116409044478e-33
1.178356713426853553e+00,2.202796623288571102e-38,7.254166166750186641e-34
1.182364729458917685e+00,7.912026791729714368e-39,3.320973496381860059e-34
1.186372745490981817e+00,2.825279454427660519e-39,1.516941945050580610e-34
1.190380761523045949e+00,1.002990505663584474e-39,6.913641432429063497e-35
1.194388777555110082e+00,3.539936067983970315e-40,3.144037117735086506e-35
1.198396793587174214e+00,1.242105949619784813e-40,1.426657950945131955e-35
1.202404809619238346e+00,4.332992491665876490e-41,6.459691628768897433e-36
1.206412825651302478e+00,1.502743124887816294e-41,2.918580451013274462e-36
1.210420841683366611e+00,5.181440709600419524e-42,1.315853757137678094e-36
1.214428857715430743e+00,1.776179039450954148e-42,5.920081085218661888e-37
1.218436873747494875e+00,6.053336696315318863e-43,2.657906201557416443e-37
1.222444889779559007e+00,2.051050078514469606e-43,1.190834453036621898e-37
1.226452905811623140e+00,6.909275427980681533e-44,5.324398452383253724e-38
1.230460921843687272e+00,2.314008884688038540e-44,2.375771602706390545e-38
1.234468937875751404e+00,7.705046864827032367e-45,1.057940552543863235e-38
1.238476953907815536e+00,2.550731624835390240e-45,4.701621192890296172e-39
1.242484969939879669e+00,8.395275359053007660e-46,2.085312034483292880e-39
1.246492985971943801e+00,2.747181162837936189e-46,9.230785437972717190e-40
1.250501002004007933e+00,8.937649377504025118e-47,4.078096552453650457e-40
1.254509018036072066e+00,2.890975899126230298e-47,1.798185709193566457e-40
1.258517034068136198e+00,9.297201886804019698e-48,7.913646054298472781e-41
1.262525050100200330e+00,2.972680101722465294e-48,3.476085901306820041e-41
1.266533066132264462e+00,9.450041338681889547e-49,1.523992525122754125e-41
1.270541082164328595e+00,2.986828969210994253e-49,6.668992041694695436e-42
1.274549098196392727e+00,9.385979796315950937e-50,2.912923383894316405e-42
1.278557114228456859e+00,2.932533557534607379e-50,1.269976863417658528e-42
1.282565130260520991e+00,9.109656172979987419e-51,5.526710738311972296e-43
1.286573146292585124e+00,2.813572478155790709e-51,2.400756121484539519e-43
1.290581162324649256e+00,8.639982526850273713e-52,1.040988324166801733e-43
1.294589178356713388e+00,2.637957341503585796e-52,4.505740838582859601e-44
1.298597194388777520e+00,8.008004955915626470e-53,1.946771783871059710e-44
1.302605210420841653e+00,2.417041321543733282e-53,8.396498750576837096e-45
1.306613226452905785e+00,7.253514978262493469e-54,3.615110240313773169e-45
1.310621242484969917e+00,2.164308498493114003e-54,1.553784190096478918e-45
1.314629258517034049e+00,6.420924381664390235e-55,6.666706081059248483e-46
1.318637274549098182e+00,1.894022824421979872e-55,2.855544421342183301e-46
1.322645290581162314e+00,5.554994714428384484e-56,1.221037496042093464e-46
1.326653306613226446e+00,1.619923138958180714e-56,5.212390436085284872e-47
1.330661322645290578e+00,4.696983288576853764e-57,2.221355419562806363e-47
1.334669338677354489e+00,1.354125761005245232e-57,9.450996003073048299e-48
1.338677354709418621e+00,3.881645752320863592e-58,4.014400435020798502e-48
1.342685370741482753e+00,1.106346698314704952e-58,1.702364221436464139e-48
1.346693386773546885e+00,3.135353946332189590e-59,7.207389321405059471e-49
1.350701402805611018e+00,8.834936429223698588e-60,3.046506745008369263e-49
1.354709418837675150e+00,2.475388369132631937e-60,1.285671027333111906e-49
1.358717434869739282e+00,6.896168547848633746e-61,5.417088638153826318e-50
1.362725450901803415e+00,1.910286628610715583e-61,2.278846916165122804e-50
1.366733466933867547e+00,5.261588684559302592e-62,9.571547873474755490e-51
1.370741482965931679e+00,1.441001688864499082e-62,4.013947032676613709e-51
1.374749498997995811e+00,3.924125305150877036e-63,1.680691859586154311e-51
1.378757515030059944e+00,1.062560269869397301e-63,7.026451473792738449e-52
1.382765531062124076e+00,2.860870221778189583e-64,2.933053180047700926e-52
1.386773547094188208e+00,7.659107555633112422e-65,1.222486663849543322e-52
1.390781563126252340e+00,2.038896387738137541e-65,5.087599837809293579e-53
1.394789579158316473e+00,5.396978310036690491e-66,2.114124883672540322e-53
1.398797595190380605e+00,1.420516454531279471e-66,8.772056252666755711e-54
1.402805611222444737e+00,3.717778375495961636e-67,3.634372152613393797e-54
1.406813627254508869e+00,9.675288205059219213e-68,1.503552812305929621e-54
1.410821643286573002e+00,2.503739049745968399e-68,6.211168495837838795e-55
1.414829659318637134e+00,6.442590207201447326e-69,2.562106874414924504e-55
1.418837675350701266e+00,1.648465265745573573e-69,1.055344863594842126e-55
1.422845691382765398e+00,4.194193814590869831e-70,4.340788800591121009e-56
1.426853707414829531e+00,1.061128911309315993e-70,1.782887018951404321e-56
1.430861723446893663e+00,2.669563845129483546e-71,7.312462737159298126e-57
1.434869739478957795e+00,6.678309532903714881e-72,2.994966015646177844e-57
1.438877755511021928e+00,1.661301281689603532e-72,1.224932576694506100e-57
1.442885771543086060e+00,4.109485333797379853e-73,5.002972761143719682e-58
1.446893787575150192e+00,1.010846481705166388e-73,2.040531604160339794e-58
1.450901803607214324e+00,2.472539636584778066e-74,8.311152757405583907e-59
1.454909819639278457e+00,6.013996422981078403e-75,3.380534921194693558e-59
1.458917835671342589e+00,1.454609661449783255e-75,1.373153968101071372e-59
1.462925851703406721e+00,3.498603480129432218e-76,5.570139510515442721e-60
1.466933867735470853e+00,8.367765238690118723e-77,2.256468473280862968e-60
1.470941883767534986e+00,1.990179790914935752e-77,9.128766908184161773e-61
1.474949899799599118e+00,4.707005982616300386e-78,3.688228867397001857e-61
1.478957915831663250e+00,1.107052850887132691e-78,1.488160273999209269e-61
1.482965931863727382e+00,2.589194503960095374e-79,5.996679132948245048e-62
1.486973947895791515e+00,6.021923947369707476e-80,2.413261002123169489e-62
1.490981963927855647e+00,1.392777281612206489e-80,9.699140144440770794e-63
1.494989979959919779e+00,3.203357789336215477e-81,3.893145791178576998e-63
1.498997995991983911e+00,7.326695415646125315e-82,1.560664639821713708e-63
1.503006012024048044e+00,1.666446162443699501e-82,6.248315652640622120e-64
1.507014028056112176e+00,3.769263025524129581e-83,2.498409931183376773e-64
1.511022044088176308e+00,8.478229179121440974e-84,9.977337886051491916e-65
1.515030060120240440e+00,1.896439330485819919e-84,3.979410585164575344e-65
1.519038076152304573e+00,4.218512989308034526e-85,1.585180477517513935e-65
1.523046092184368705e+00,9.331855456661557734e-86,6.306629836822680110e-66
1.527054108216432837e+00,2.052893076008847336e-86,2.505978617950689532e-66
1.531062124248496970e+00,4.491132908254684345e-87,9.945382056314323722e-67
1.535070140280561102e+00,9.770983306551067696e-88,3.942142629269085906e-67
1.539078156312625012e+00,2.114048539389276539e-88,1.560675358219006413e-67
1.543086172344689144e+00,4.548702035918299998e-89,6.171131256127221640e-68
1.547094188376753277e+00,9.733239378099594351e-90,2.437201984517707437e-68
1.551102204408817409e+00,2.071219986659007464e-90,9.613805172912760416e-69
1.555110220440881541e+00,4.383242375488033746e-91,3.787726890549949120e-69
1.559118236472945673e+00,9.225006933148868368e-92,1.490541267395893939e-69
1.563126252505009806e+00,1.930818249607896393e-92,5.858599185486007077e-70
1.567134268537073938e+00,4.019028503097163005e-93,2.300013584502097216e-70
1.571142284569138070e+00,8.319692816886764565e-94,9.018954849744807774e-71
1.575150300601202202e+00,1.712779768837188888e-94,3.532429939723986265e-71
1.579158316633266335e+00,3.506753967226304616e-95,1.381925843635847429e-71
1.583166332665330467e+00,7.140360153500390707e-96,5.399978527194153526e-72
1.587174348697394599e+00,1.445930747330009775e-96,2.107646080300936391e-72
1.591182364729458731e+00,2.911983608614012556e-97,8.216822628836354473e-73
1.595190380761522864e+00,5.832381415868947171e-98,3.199726824632420128e-73
1.599198396793586996e+00,1.161769484461371493e-98,1.244591454704340418e-73
1.603206412825651128e+00,2.301508393169824544e-99,4.835571197598486751e-74
1.607214428857715260e+00,4.534456117300507805e-100,1.876626775679357395e-74
1.611222444889779393e+00,8.885039731978220831e-101,7.274770072585212226e-75
1.615230460921843525e+00,1.731476337739031139e-101,2.816916162254993349e-75
1.619238476953907657e+00,3.355816809914051686e-102,1.089541766219333055e-75
1.623246492985971789e+00,6.468534601103557237e-103,4.209506204258619581e-76
1.627254509018035922e+00,1.240055198014463909e-103,1.624567297875346517e-76
1.631262525050100054e+00,2.364313441812698520e-104,6.262755953152843315e-77
1.635270541082164186e+00,4.483317294971883901e-105,2.411661892714143375e-77
1.639278557114228319e+00,8.455236415982126083e-106,9.276676280752880979e-78
1.643286573146292451e+00,1.585934876485356934e-106,3.564472785540331058e-78
1.647294589178356583e+00,2.958555468081644921e-107,1.368128766019681587e-78
1.651302605210420715e+00,5.489215822567254074e-108,5.245528367105871483e-79
1.655310621242484848e+00,1.012927985331805262e-108,2.009018340207617166e-79
1.659318637274548980e+00,1.859028086519303333e-109,7.686218688870462603e-80
1.663326653306613112e+00,3.393390896852674760e-110,2.937497472865207049e-80
1.667334669338677244e+00,6.160611525771586394e-111,1.121450033847799903e-80
1.671342685370741377e+00,1.112390276121228391e-111,4.276827435307094218e-81
1.675350701402805509e+00,1.997723587833242781e-112,1.629313240747202152e-81
1.679358717434869641e+00,3.568287906946265269e-113,6.200549420265372314e-82
1.683366733466933773e+00,6.339165266661617948e-114,2.357220078229344690e-82
1.687374749498997906e+00,1.120091160843426395e-114,8.951917797860743110e-83
1.691382765531062038e+00,1.968453611415990191e-115,3.396093493548291311e-83
1.695390781563126170e+00,3.440716758739769347e-116,1.287040964735981488e-83
1.699398797595190302e+00,5.981718677944658047e-117,4.872544836595296192e-84
1.703406813627254435e+00,1.034326766777441727e-117,1.842771984169931203e-84
1.707414829659318567e+00,1.778875899536319403e-118,6.962114507690440166e-85
1.711422845691382699e+00,3.042923482904888886e-119,2.627640992355520542e-85
1.715430861723446831e+00,5.177204081992795419e-120,9.907125907093197185e-86
1.719438877755510964e+00,8.761123156378254382e-121,3.731535575174038678e-86
1.723446893787575096e+00,1.474639633867730248e-121,1.404064904741261515e-86
1.727454909819639228e+00,2.468737987078045360e-122,5.277738889992487279e-87
1.731462925851703361e+00,4.110819767232734621e-123,1.981851642048376749e-87
1.735470941883767493e+00,6.808439221095709413e-124,7.434611749758387077e-88
1.739478957915831625e+00,1.121588979168165774e-124,2.786189995119654214e-88
1.743486973947895757e+00,1.837757835890288125e-125,1.043109249424792615e-88
1.747494989979959668e+00,2.995108440073311435e-126,3.901367227671067703e-89
1.751503006012023800e+00,4.855208300947800314e-127,1.457716769463225752e-89
1.755511022044087932e+00,7.828445922933771685e-128,5.441267168701901479e-90
1.759519038076152064e+00,1.255500634200018561e-128,2.029078340104451879e-90
1.763527054108216197e+00,2.002780347825043746e-129,7.559110742010163499e-91
1.767535070140280329e+00,3.177796022278129558e-130,2.813306031213371082e-91
1.771543086172344461e+00,5.015293165526706602e-131,1.046017268791139253e-91
1.775551102204408593e+00,7.873095833526746694e-132,3.885416267728543398e-92
1.779559118236472726e+00,1.229348300678918947e-132,1.441830722611415473e-92
1.783567134268536858e+00,1.909351244091086575e-133,5.345276807288459543e-93
1.787575150300600990e+00,2.949710968166784288e-134,1.979732423292391157e-93
1.791583166332665122e+00,4.532701481199935642e-135,7.325281406199128198e-94
1.795591182364729255e+00,6.928194241675241984e-136,2.707851149199716130e-94
1.799599198396793387e+00,1.053342315048427430e-136,1.000020813436464675e-94
1.803607214428857519e+00,1.592967056936334091e-137,3.689590545990384448e-95
1.807615230460921651e+00,2.396255308748203705e-138,1.359982370204868087e-95
1.811623246492985784e+00,3.585499342466329473e-139,5.008128126962508121e-96
1.815631262525049916e+00,5.336514585794941457e-140,1.842492340829630350e-96
1.819639278557114048e+00,7.900570824201705706e-141,6.772127156768113667e-97
1.823647294589178181e+00,1.163464594087398669e-141,2.486764741189656676e-97
1.827655310621242313e+00,1.704288099616644552e-142,9.122954297805665981e-98
1.831663326653306445e+00,2.483300013854885876e-143,3.343709210074384128e-98
1.835671342685370577e+00,3.599257377180564792e-144,1.224375685669446547e-98
1.839679358717434710e+00,5.189139371627546741e-145,4.479144359162768116e-99
1.843687374749498842e+00,7.441794366001747892e-146,1.637082447192474347e-99
1.847695390781562974e+00,1.061600379371251965e-146,5.977810197021374991e-100
1.851703406813627106e+00,1.506422170399975756e-147,2.180774210006379491e-100
1.855711422845691239e+00,2.126354755365364595e-148,7.948354271308539527e-101
1.859719438877755371e+00,2.985583943044504888e-149,2.894293505951553183e-101
1.863727454909819503e+00,4.169927756125715484e-150,1.052949783535503735e-101
1.867735470941883635e+00,5.793414341759422708e-151,3.827131338851761985e-102
1.871743486973947768e+00,8.006608439322004250e-152,1.389762407568785761e-102
1.875751503006011900e+00,1.100706798106209403e-152,5.042084233382979418e-103
1.879759519038076032e+00,1.505236970857919062e-153,1.827607033317211686e-103
1.883767535070140164e+00,2.047620063300209728e-154,6.618499853110743573e-104
1.887775551102204297e+00,2.770806781492584530e-155,2.394645028348336775e-104
1.891783567134268429e+00,3.729722838996273645e-156,8.656221703182326951e-105
1.895791583166332561e+00,4.994148004737573426e-157,3.126238001889218044e-105
1.899799599198396693e+00,6.652147318422416428e-158,1.128035918506660489e-105
1.903807615230460826e+00,8.814120247777943994e-159,4.066603349059301316e-106
1.907815631262524958e+00,1.161752993674657301e-159,1.464702604937849042e-106
1.911823647294589090e+00,1.523236687715033416e-160,5.270800717037106785e-107
1.915831663326653223e+00,1.986738835827869309e-161,1.895020784336643762e-107
1.919839679358717355e+00,2.577715592870925011e-162,6.807103010613209354e-108
1.923847695390781487e+00,3.326986691180274601e-163,2.442993691169557913e-108
1.927855711422845619e+00,4.271594194649151294e-164,8.759811245132180603e-109
1.931863727454909752e+00,5.455728799179796051e-165,3.138197140005941383e-109
1.935871743486973884e+00,6.931710497241557008e-166,1.123257813043810648e-109
1.939879759519038016e+00,8.761004442343674448e-167,4.016919190969027168e-110
1.943887775551102148e+00,1.101524608339628888e-167,1.435231050995759720e-110
1.947895791583166281e+00,1.377724222695183437e-168,5.123494518232774152e-111
1.951903807615230191e+00,1.714190684020331666e-169,1.827372541360485907e-111
1.955911823647294323e+00,2.121708242432729349e-170,6.511857751731794512e-112
1.959919839679358455e+00,2.612419004605758016e-171,2.318463818485393926e-112
1.963927855711422588e+00,3.199864407735646650e-172,8.247341160508222382e-113
1.967935871743486720e+00,3.898996189478400473e-173,2.931206625981148219e-113
1.971943887775550852e+00,4.726149482553283248e-174,1.040874565775502174e-113
1.975951903807614984e+00,5.698970512453077286e-175,3.692925905929811658e-114
1.979959919839679117e+00,6.836291535780147841e-176,1.309073008293449659e-114
1.983967935871743249e+00,8.157946184685121325e-177,4.628771634910604539e-115
1.987975951903807381e+00,9.684519331181291379e-178,1.634186145305946612e-115
1.991983967935871513e+00,1.143702699220710734e-178,5.762549603117563146e-116
1.995991983967935646e+00,1.343652368262351741e-179,2.030704872760854786e-116
2.000000000000000000e+00,1.570363698636200550e-180,7.156095431492444105e-117
